{
    " (%)": "(%)",
    " Add Advocate": "Add Advocate",
    " Add Case": "Add Case",
    " Bill not found.": "Bill not found.",
    " Bills": "Bills",
    " Cashfree Key": "Cashfree Key",
    " Designation": "Designation",
    " Document Sub Type": "Document Sub Type",
    " Edit Advocate": "Edit Advocate",
    " Edit Case": "Edit Case",
    " Generate": "Generate",
    " Payment successfully added.": "Payment successfully added.",
    " Store Id": "Store Id",
    " Strictly Cookie Title": "Strictly Cookie Title",
    " View Expense": "View Expense",
    " View Fee": "View Fee",
    " View Timesheet": "View Timesheet",
    " View ToDo": "View ToDo",
    "# of member(s)": "# of member(s)",
    "'s Cases": "'s Cases",
    "'s Group": "'s Group",
    "'s Group Members": "'s Group Members",
    "(Please enter primary details about the case, client, etc)": "(Please enter primary details about the case, client, etc)",
    "(Please enter the case number assigned by court)": "(Please enter the case number assigned by court)",
    "(Please enter the title which you can remember easily)": "(Please enter the title which you can remember easily)",
    "A new verification link has been sent to the email address you provided during registration.": "A new verification link has been sent to the email address you provided during registration.",
    "Aamarpay": "Aamarpay",
    "About Us": "About Us",
    "Accept": "Accept",
    "Access Token": "Access Token",
    "Action": "Action",
    "Active": "Active",
    "Add": "Add",
    "Add Advocate": "Add Advocate",
    "Add Appointment": "Add Appointment",
    "Add Case": "Add Case",
    "Add City": "Add City",
    "Add Country": "Add Country",
    "Add Hearing": "Add Hearing",
    "Add Hearing Type": "Add Hearing Type",
    "Add item": "Add item",
    "Add Motions Type": "Add Motions Type",
    "Add New Advocate": "Add New Advocate",
    "Add Payment": "Add Payment",
    "Add Row": "Add Row",
    "Add State": "Add State",
    "Address": "Address",
    "address": "address",
    "Address Line 1": "Address Line 1",
    "Address Line 2": "Address Line 2",
    "Advocate": "Advocate",
    "Advocate Name": "Advocate Name",
    "Advocate Name:": "Advocate Name:",
    "Advocate not found.": "Advocate not found.",
    "Advocate successfully created.": "Advocate successfully created.",
    "Advocate successfully deleted.": "Advocate successfully deleted.",
    "Advocate successfully updated.": "Advocate successfully updated.",
    "Advocates": "Advocates",
    "Age": "Age",
    "Age:": "Age:",
    "All": "All",
    "Already have an account?": "Already have an account?",
    "Amount": "Amount",
    "API Key": "API Key",
    "App ID": "App ID",
    "App Secret": "App Secret",
    "Apply": "Apply",
    "Appointment": "Appointment",
    "Appointments": "Appointments",
    "Approval": "Approval",
    "Are You Sure?": "Are You Sure?",
    "As": "As",
    "Assign By:": "Assign By:",
    "Assign Permission to Roles": "Assign Permission to Roles",
    "Assign to": "Assign to",
    "Assign To (Member's)": "Assign To (Member's)",
    "Assign To (Member(s))": "Assign To (Member(s))",
    "Assign To:": "Assign To:",
    "Assigned by": "Assigned by",
    "Assigned to": "Assigned to",
    "Attorney Name": "Attorney Name",
    "auth.password": "auth.password",
    "AWS S3": "AWS S3",
    "Back to login": "Back to login",
    "Bank Details": "Bank Details",
    "Bank Details:": "Bank Details:",
    "Bank Transfer": "Bank Transfer",
    "Before Hon'ble Judge(s):": "Before Hon'ble Judge(s):",
    "Bench successfully created.": "Bench successfully created.",
    "Bench successfully deleted.": "Bench successfully deleted.",
    "Bench successfully updated.": "Bench successfully updated.",
    "Benefit": "Benefit",
    "Benefit Key": "Benefit Key",
    "Benefit Secret Key": "Benefit Secret Key",
    "Bill": "Bill",
    "Bill From": "Bill From",
    "Bill From :": "Bill From :",
    "Bill From:": "Bill From:",
    "Bill Number": "Bill Number",
    "Bill successfully created.": "Bill successfully created.",
    "Bill successfully deleted.": "Bill successfully deleted.",
    "Bill successfully updated.": "Bill successfully updated.",
    "Bill To :": "Bill To :",
    "Bill: ": "Bill:",
    "Bills": "Bills",
    "Brand setting successfully updated.": "Brand setting successfully updated.",
    "Brand Settings": "Brand Settings",
    "Brief About Yourself": "Brief About Yourself",
    "Browser Language": "Browser Language",
    "Browser Name": "Browser Name",
    "Cache Settings": "Cache Settings",
    "Calendar": "Calendar",
    "Calendar View": "Calendar View",
    "Cancel": "Cancel",
    "Cancel Request": "Cancel Request",
    "Cancle Request": "Cancle Request",
    "Case": "Case",
    "Case Hearing": "Case Hearing",
    "Case Journey": "Case Journey",
    "Case Journey - ": "Case Journey -",
    "Case Number": "Case Number",
    "Case number": "Case number",
    "Case status": "Case status",
    "Case successfully created.": "Case successfully created.",
    "Case successfully deleted.": "Case successfully deleted.",
    "Case successfully updated.": "Case successfully updated.",
    "Case title": "Case title",
    "Case Type": "Case Type",
    "Case:": "Case:",
    "Cases": "Cases",
    "Casetype:": "Casetype:",
    "Cashfree": "Cashfree",
    "Cashfree Secret Key": "Cashfree Secret Key",
    "Category Code": "Category Code",
    "Cause List": "Cause List",
    "Cause not found.": "Cause not found.",
    "Cause successfully created.": "Cause successfully created.",
    "Cause successfully deleted.": "Cause successfully deleted.",
    "Causelist By": "Causelist By",
    "Causelist By:": "Causelist By:",
    "Change Password": "Change Password",
    "Choose file here": "Choose file here",
    "Circuit\/Devision": "Circuit\/Devision",
    "Circuit\/Devision:": "Circuit\/Devision:",
    "City": "City",
    "City Settings": "City Settings",
    "City successfully deleted.": "City successfully deleted.",
    "City successfully updated.": "City successfully updated.",
    "Civil Appeal": "Civil Appeal",
    "Clear Cache": "Clear Cache",
    "Click here": "Click here",
    "Click here to add New User": "Click here to add New User",
    "Click to copy invoice link": "Click to copy invoice link",
    "Click to Upgrade Plan": "Click to Upgrade Plan",
    "Client ID": "Client ID",
    "Client(s) \/ Advocate(s)": "Client(s) \/ Advocate(s)",
    "Close": "Close",
    "Code": "Code",
    "COINGATE": "COINGATE",
    "Coingate": "Coingate",
    "CoinGate": "CoinGate",
    "CoinGate Auth Token": "CoinGate Auth Token",
    "CoinGate Mode": "CoinGate Mode",
    "Company Name": "Company Name",
    "Company Name:": "Company Name:",
    "Branch": "Branch",
    "Select Branch": "Select Branch",
    "Completed": "Completed",
    "Completed At": "Completed At",
    "Completed At:": "Completed At:",
    "Completed By": "Completed By",
    "Completed By:": "Completed By:",
    "Confirm": "Confirm",
    "Confirm New Password": "Confirm New Password",
    "Confirm Password": "Confirm Password",
    "Connected": "Connected",
    "Connecting...": "Connecting...",
    "Contact": "Contact",
    "Contact Us Description": "Contact Us Description",
    "Contact Us URL": "Contact Us URL",
    "Cookie Description": "Cookie Description",
    "Cookie Settings": "Cookie Settings",
    "Cookie Title": "Cookie Title",
    "Copy": "Copy",
    "Country": "Country",
    "Country Code": "Country Code",
    "Country Settings": "Country Settings",
    "Country successfully added.": "Country successfully added.",
    "Country successfully deleted.": "Country successfully deleted.",
    "Country successfully updated.": "Country successfully updated.",
    "Country\/ State\/ City Settings": "Country\/ State\/ City Settings",
    "Country: ": "Country:",
    "Coupon": "Coupon",
    "Coupon code has applied successfully.": "Coupon code has applied successfully.",
    "Coupon Detail": "Coupon Detail",
    "Coupon Discount": "Coupon Discount",
    "Coupon successfully created.": "Coupon successfully created.",
    "Coupon successfully deleted.": "Coupon successfully deleted.",
    "Coupon successfully updated.": "Coupon successfully updated.",
    "Coupons": "Coupons",
    "Court": "Court",
    "Court Hall": "Court Hall",
    "Court Hall:": "Court Hall:",
    "Court name": "Court name",
    "Court Name": "Court Name",
    "court Name": "court Name",
    "Court successfully created.": "Court successfully created.",
    "Court successfully deleted.": "Court successfully deleted.",
    "Court successfully updated.": "Court successfully updated.",
    "Court:": "Court:",
    "Courts Categories": "Courts Categories",
    "Create": "Create",
    "Create Case": "Create Case",
    "Create Language": "Create Language",
    "Create New Appointment": "Create New Appointment",
    "Create New Bill": "Create New Bill",
    "Create New Case Type": "Create New Case Type",
    "Create New Cause": "Create New Cause",
    "Create New Circuit\/Devision": "Create New Circuit\/Devision",
    "Create New City": "Create New City",
    "Create New Counrty": "Create New Counrty",
    "Create New Coupon": "Create New Coupon",
    "Create New Court": "Create New Court",
    "Create New Document Sub Type": "Create New Document Sub Type",
    "Create New Document Type": "Create New Document Type",
    "Create New Documents": "Create New Documents",
    "Create New Expense": "Create New Expense",
    "Create New Fee Received": "Create New Fee Received",
    "Create New Group": "Create New Group",
    "Create New Hearing": "Create New Hearing",
    "Create New High Court": "Create New High Court",
    "Create New Language": "Create New Language",
    "Create New Permission": "Create New Permission",
    "Create New Role": "Create New Role",
    "Create New Tax": "Create New Tax",
    "Create New Team Member": "Create New Team Member",
    "Create New timesheet": "Create New timesheet",
    "Create New To-Do": "Create New To-Do",
    "Create New User": "Create New User",
    "Create Plan": "Create Plan",
    "Created At": "Created At",
    "Created By": "Created By",
    "Credit \/ Debit Card": "Credit \/ Debit Card",
    "Currency": "Currency",
    "Currency *": "Currency *",
    "Currency Symbol": "Currency Symbol",
    "Currency Symbol *": "Currency Symbol *",
    "Current cache size": "Current cache size",
    "Dark Layout": "Dark Layout",
    "Dashboard": "Dashboard",
    "Data successfully created.": "Data successfully created.",
    "Data successfully deleted.": "Data successfully deleted.",
    "Data successfully updated.": "Data successfully updated.",
    "Date": "Date",
    "Date of filing": "Date of filing",
    "Date of filing:": "Date of filing:",
    "Date of Receipt": "Date of Receipt",
    "Date Of Reciept": "Date Of Reciept",
    "Date:": "Date:",
    "Day": "Day",
    "Default Admin Created : superadmin@example.com \/ 1234": "Default Admin Created : superadmin@example.com \/ 1234",
    "Default Advocate Created : advocate@example.com \/ 1234": "Default Advocate Created : advocate@example.com \/ 1234",
    "Default Client Created : client@example.com \/ 1234": "Default Client Created : client@example.com \/ 1234",
    "Default Company Created : company@example.com \/ 1234": "Default Company Created : company@example.com \/ 1234",
    "Default Language": "Default Language",
    "Delete": "Delete",
    "Delete This Language": "Delete This Language",
    "Description": "Description",
    "Designation": "Designation",
    "Detail": "Detail",
    "Details": "Details",
    "Details about your member account password change": "Details about your member account password change",
    "Details about your plan Coingate payment": "Details about your plan Coingate payment",
    "Details about your plan Flutterwave payment": "Details about your plan Flutterwave payment",
    "Details about your plan Mercado Pago payment": "Details about your plan Mercado Pago payment",
    "Details about your plan Mollie payment": "Details about your plan Mollie payment",
    "Details about your plan PaymentWall payment": "Details about your plan PaymentWall payment",
    "Details about your plan Paypal payment": "Details about your plan Paypal payment",
    "Details about your plan Paystack payment": "Details about your plan Paystack payment",
    "Details about your plan Paytm payment": "Details about your plan Paytm payment",
    "Details about your plan Razorpay payment": "Details about your plan Razorpay payment",
    "Details about your plan Skrill payment": "Details about your plan Skrill payment",
    "Details about your plan Stripe payment": "Details about your plan Stripe payment",
    "Details about your plan Toyyibpay payment": "Details about your plan Toyyibpay payment",
    "Device Type": "Device Type",
    "Diary Number": "Diary Number",
    "Diary View": "Diary View",
    "Discount": "Discount",
    "Discount (%)": "Discount (%)",
    "Doc Size:": "Doc Size:",
    "Doc Type": "Doc Type",
    "Document ": "Document",
    "Document Sub Type": "Document Sub Type",
    "Document sub type successfully created.": "Document sub type successfully created.",
    "Document sub type successfully deleted.": "Document sub type successfully deleted.",
    "Document sub type successfully updated.": "Document sub type successfully updated.",
    "Document Sub-type": "Document Sub-type",
    "Document Sub-Type": "Document Sub-Type",
    "Document successfully created.": "Document successfully created.",
    "Document successfully deleted.": "Document successfully deleted.",
    "Document successfully updated.": "Document successfully updated.",
    "Document Type": "Document Type",
    "Document type successfully created.": "Document type successfully created.",
    "Document type successfully deleted.": "Document type successfully deleted.",
    "Document type successfully updated.": "Document type successfully updated.",
    "Documents": "Documents",
    "Don't have an account?": "Don't have an account?",
    "Download": "Download",
    "Download cookie accepted data": "Download cookie accepted data",
    "Download:": "Download:",
    "Due Amount": "Due Amount",
    "Due Date": "Due Date",
    "Due Date & Time": "Due Date & Time",
    "Due Date :": "Due Date :",
    "Duration": "Duration",
    "DURATION": "DURATION",
    "E-Mail Address": "E-Mail Address",
    "Edit": "Edit",
    "Edit ": "Edit",
    "Edit Advocate": "Edit Advocate",
    "Edit Bill": "Edit Bill",
    "Edit Case": "Edit Case",
    "Edit City": "Edit City",
    "Edit Country": "Edit Country",
    "Edit Coupon": "Edit Coupon",
    "Edit Expense": "Edit Expense",
    "Edit Fee": "Edit Fee",
    "Edit Group": "Edit Group",
    "Edit Member": "Edit Member",
    "Edit Plan": "Edit Plan",
    "Edit State": "Edit State",
    "Edit Tax": "Edit Tax",
    "Edit Timesheet": "Edit Timesheet",
    "Edit To-Do": "Edit To-Do",
    "Edit User": "Edit User",
    "Edit your brand details": "Edit your brand details",
    "Email": "Email",
    "Email Address": "Email Address",
    "Email address already exist.": "Email address already exist.",
    "Email Password Reset Link": "Email Password Reset Link",
    "Email send Successfully": "Email send Successfully",
    "Email Settings": "Email Settings",
    "Email SMTP settings does not configure so please contact to your site admin.": "Email SMTP settings does not configure so please contact to your site admin.",
    "Email SMTP settings does not configured so please contact to your site admin.": "Email SMTP settings does not configured so please contact to your site admin.",
    "Email Verification": "Email Verification",
    "Email:": "Email:",
    "Employee": "Employee",
    "Enable": "Enable",
    "Enable cookie": "Enable cookie",
    "Enable logging": "Enable logging",
    "Enable RTL": "Enable RTL",
    "Enable Sign-Up Page": "Enable Sign-Up Page",
    "Enable\/Disable": "Enable\/Disable",
    "End Date:": "End Date:",
    "Enter Benefit Key": "Enter Benefit Key",
    "Enter Benefit Secret key": "Enter Benefit Secret key",
    "Enter Cashfree Key": "Enter Cashfree Key",
    "Enter Cashfree Secret Key": "Enter Cashfree Secret Key",
    "Enter Coupon Code": "Enter Coupon Code",
    "Enter email Address": "Enter email Address",
    "Enter Footer Text": "Enter Footer Text",
    "Enter Google Recaptcha Key": "Enter Google Recaptcha Key",
    "Enter Google Recaptcha Secret": "Enter Google Recaptcha Secret",
    "Enter Mail Driver": "Enter Mail Driver",
    "Enter Mail Encryption": "Enter Mail Encryption",
    "Enter Mail From Address": "Enter Mail From Address",
    "Enter Mail From Name": "Enter Mail From Name",
    "Enter Mail Host": "Enter Mail Host",
    "Enter Mail Password": "Enter Mail Password",
    "Enter Mail Port": "Enter Mail Port",
    "Enter Mail Username": "Enter Mail Username",
    "Enter Maximum Advocates": "Enter Maximum Advocates",
    "Enter Maximum Storage Limit": "Enter Maximum Storage Limit",
    "Enter Maximum Users": "Enter Maximum Users",
    "Enter Meta Description": "Enter Meta Description",
    "Enter Mobile Number": "Enter Mobile Number",
    "Enter Name": "Enter Name",
    "Enter New Password": "Enter New Password",
    "Enter Permission Name": "Enter Permission Name",
    "Enter Plan Description": "Enter Plan Description",
    "Enter Plan Name": "Enter Plan Name",
    "Enter Plan Price": "Enter Plan Price",
    "Enter Rate": "Enter Rate",
    "Enter Role Name": "Enter Role Name",
    "Enter Signature Key": "Enter Signature Key",
    "Enter Skrill Email": "Enter Skrill Email",
    "Enter Store Id": "Enter Store Id",
    "Enter Tax Name": "Enter Tax Name",
    "Enter User Password": "Enter User Password",
    "Enter valid amount.": "Enter valid amount.",
    "Enter Your About Yourself": "Enter Your About Yourself",
    "Enter Your Address": "Enter Your Address",
    "Enter Your City": "Enter Your City",
    "Enter Your Email Address": "Enter Your Email Address",
    "Enter Your Landmark": "Enter Your Landmark",
    "Enter Your Mobile Number": "Enter Your Mobile Number",
    "Enter Your Name": "Enter Your Name",
    "Enter Your State": "Enter Your State",
    "Enter Your Zip\/Postal Code": "Enter Your Zip\/Postal Code",
    "Error": "Error",
    "Example : Bank : Bank Name <br> Account Number : 0000 0000 <br>": "Example : Bank : Bank Name <br> Account Number : 0000 0000 <br>",
    "Expense": "Expense",
    "Expense successfully created.": "Expense successfully created.",
    "Expense successfully deleted.": "Expense successfully deleted.",
    "Expire on ": "Expire on",
    "Expiry Date": "Expiry Date",
    "Expiry Date:": "Expiry Date:",
    "Father Name:": "Father Name:",
    "Father's Name": "Father's Name",
    "Favicon": "Favicon",
    "Favorites": "Favorites",
    "Fee Received": "Fee Received",
    "Fee Received ": "Fee Received",
    "Feel free to reach out if you have any questions.": "Feel free to reach out if you have any questions.",
    "File:": "File:",
    "Filing Party": "Filing Party",
    "Filing party": "Filing party",
    "FIR Number": "FIR Number",
    "FIR Police Station": "FIR Police Station",
    "FIR Police Station:": "FIR Police Station:",
    "FIR Year": "FIR Year",
    "FIR Year:": "FIR Year:",
    "First Name": "First Name",
    "First Party": "First Party",
    "First Party:": "First Party:",
    "Floor": "Floor",
    "Floor:": "Floor:",
    "Flutterware": "Flutterware",
    "FLUTTERWAVE": "FLUTTERWAVE",
    "Flutterwave": "Flutterwave",
    "Footer Text": "Footer Text",
    "Forget password": "Forget password",
    "Forgot Password": "Forgot Password",
    "Forgot Your Password?": "Forgot Your Password?",
    "Forgot your password? No problem. Just let us know your email address and we will email you a password reset link that will allow you to choose a new one.": "Forgot your password? No problem. Just let us know your email address and we will email you a password reset link that will allow you to choose a new one.",
    "From:": "From:",
    "Full Name": "Full Name",
    "Function by - Name": "Function by - Name",
    "Functional Setup": "Functional Setup",
    "Google Calendar Id": "Google Calendar Id",
    "Google Calendar json File": "Google Calendar json File",
    "Google Calendar Settings": "Google Calendar Settings",
    "Google Calender": "Google Calender",
    "Grid View": "Grid View",
    "Group": "Group",
    "Group Name": "Group Name",
    "Group not found.": "Group not found.",
    "Group successfully created.": "Group successfully created.",
    "Group successfully deleted.": "Group successfully deleted.",
    "Group successfully updated.": "Group successfully updated.",
    "GST Identification Number (GSTIN)": "GST Identification Number (GSTIN)",
    "GST Identification Number:": "GST Identification Number:",
    "Guest": "Guest",
    "Headed By": "Headed By",
    "Headed by:": "Headed by:",
    "Hearing date": "Hearing date",
    "Hearing History": "Hearing History",
    "Hearing successfully created.": "Hearing successfully created.",
    "Hearing successfully deleted.": "Hearing successfully deleted.",
    "Hearing successfully updated.": "Hearing successfully updated.",
    "Hearing Type": "Hearing Type",
    "Hearing Type successfully created.": "Hearing Type successfully created.",
    "Hearing Type successfully deleted.": "Hearing Type successfully deleted.",
    "Hearing Type successfully updated.": "Hearing Type successfully updated.",
    "Hi Dear,": "Hi Dear,",
    "Hi, ": "Hi,",
    "High Court": "High Court",
    "High Court successfully deleted.": "High Court successfully deleted.",
    "High Court:": "High Court:",
    "High-Court successfully created.": "High-Court successfully created.",
    "High-Court successfully updated.": "High-Court successfully updated.",
    "Highcourt:": "Highcourt:",
    "Home Address": "Home Address",
    "Hourly Rate": "Hourly Rate",
    "Hourly Rate:": "Hourly Rate:",
    "How to Get Google reCaptcha Site and Secret key": "How to Get Google reCaptcha Site and Secret key",
    "Income": "Income",
    "Industry Type": "Industry Type",
    "Information": "Information",
    "Invalid amount.": "Invalid amount.",
    "Invalid Coupon Code.": "Invalid Coupon Code.",
    "Invoice": "Invoice",
    "Invoice Id ": "Invoice Id",
    "Invoice is deleted.": "Invoice is deleted.",
    "Invoice not found.": "Invoice not found.",
    "Invoice paid Successfully!": "Invoice paid Successfully!",
    "Invoice paid Successfully!!": "Invoice paid Successfully!!",
    "Invoice payment successfully updated.": "Invoice payment successfully updated.",
    "IP": "IP",
    "ISP": "ISP",
    "Iyzipay": "Iyzipay",
    "IyziPay": "IyziPay",
    "IyziPay Key": "IyziPay Key",
    "IyziPay Mode": "IyziPay Mode",
    "IyziPay Secret": "IyziPay Secret",
    "Judgement Date": "Judgement Date",
    "Judgement Date:": "Judgement Date:",
    "Judges": "Judges",
    "Labels": "Labels",
    "Landmark": "Landmark",
    "Language Already Exist!": "Language Already Exist!",
    "Language change successfully.": "Language change successfully.",
    "Language Code": "Language Code",
    "Language Created Successfully!": "Language Created Successfully!",
    "Language Deleted Successfully.!": "Language Deleted Successfully.!",
    "Language Disabled Successfully": "Language Disabled Successfully",
    "Language Enabled Successfully": "Language Enabled Successfully",
    "Language Full Name": "Language Full Name",
    "Language save successfully.": "Language save successfully.",
    "Last Login": "Last Login",
    "Last Login At": "Last Login At",
    "Last Name": "Last Name",
    "Lat": "Lat",
    "Layout settings": "Layout settings",
    "Lifetime": "Lifetime",
    "Limit": "Limit",
    "Link Copy on Clipboard": "Link Copy on Clipboard",
    "List View": "List View",
    "Live": "Live",
    "Local": "Local",
    "Local Calender": "Local Calender",
    "Location": "Location",
    "location": "location",
    "Log Out": "Log Out",
    "Login": "Login",
    "Logo dark": "Logo dark",
    "Logo Light": "Logo Light",
    "Logout": "Logout",
    "Lon": "Lon",
    "Mail Driver": "Mail Driver",
    "Mail Encryption": "Mail Encryption",
    "Mail From Address": "Mail From Address",
    "Mail From Name": "Mail From Name",
    "Mail Host": "Mail Host",
    "Mail Password": "Mail Password",
    "Mail Port": "Mail Port",
    "Mail Username": "Mail Username",
    "Make Payment": "Make Payment",
    "Manage Coupons": "Manage Coupons",
    "Manage Language": "Manage Language",
    "Manage Orders": "Manage Orders",
    "Manage Plans": "Manage Plans",
    "Manually": "Manually",
    "Manually plan upgraded by super admin": "Manually plan upgraded by super admin",
    "Manually Upgrade By Super Admin": "Manually Upgrade By Super Admin",
    "Mark Completed?": "Mark Completed?",
    "Max advocates": "Max advocates",
    "Max upload size": "Max upload size",
    "Max upload size ( In KB)": "Max upload size ( In KB)",
    "Max users": "Max users",
    "Maximum Advocates": "Maximum Advocates",
    "Maximum Storage Limit": "Maximum Storage Limit",
    "Maximum Users": "Maximum Users",
    "MB": "MB",
    "Member": "Member",
    "Member deleted successfully.": "Member deleted successfully.",
    "Member Information": "Member Information",
    "Member not found.": "Member not found.",
    "Member successfully created.": "Member successfully created.",
    "Member:": "Member:",
    "Members": "Members",
    "Mercado": "Mercado",
    "Mercado Mode": "Mercado Mode",
    "Mercado Pago": "Mercado Pago",
    "Merchant ID": "Merchant ID",
    "Merchant Id": "Merchant Id",
    "Merchant Key": "Merchant Key",
    "Merchant Secret": "Merchant Secret",
    "Messages": "Messages",
    "Messenger": "Messenger",
    "Meta Description": "Meta Description",
    "Meta Image": "Meta Image",
    "Meta Keywords": "Meta Keywords",
    "Method": "Method",
    "Midtrans": "Midtrans",
    "Mobile Number": "Mobile Number",
    "Module": "Module",
    "MOLLIE": "MOLLIE",
    "Mollie": "Mollie",
    "Mollie Api Key": "Mollie Api Key",
    "Mollie Partner ID": "Mollie Partner ID",
    "Mollie Partner Id": "Mollie Partner Id",
    "Mollie Profile ID": "Mollie Profile ID",
    "Money": "Money",
    "Money Spent": "Money Spent",
    "Money Spent:": "Money Spent:",
    "Month": "Month",
    "Months": "Months",
    "More Information": "More Information",
    "Most Purchase Plan": "Most Purchase Plan",
    "Motion": "Motion",
    "Motion successfully created.": "Motion successfully created.",
    "Motion successfully deleted.": "Motion successfully deleted.",
    "Motion successfully updated.": "Motion successfully updated.",
    "Motion:": "Motion:",
    "Motions Type": "Motions Type",
    "Motions Types": "Motions Types",
    "Motive": "Motive",
    "My Case Diary": "My Case Diary",
    "My Today's Case Diary": "My Today's Case Diary",
    "Name": "Name",
    "Name \/ Price": "Name \/ Price",
    "Name on card": "Name on card",
    "Name:": "Name:",
    "Net Amount": "Net Amount",
    "New Bill": "New Bill",
    "New Hearing": "New Hearing",
    "New Password": "New Password",
    "New User": "New User",
    "No Data Found.!": "No Data Found.!",
    "No record found": "No record found",
    "Note": "Note",
    "Note: \"-1\" for Lifetime": "Note: \"-1\" for Lifetime",
    "Note: \"-1\" for Unlimited": "Note: \"-1\" for Unlimited",
    "Note: Add currency code as per three-letter ISO code": "Note: Add currency code as per three-letter ISO code",
    "Note: Discount in Percentage": "Note: Discount in Percentage",
    "Notes": "Notes",
    "Notes:": "Notes:",
    "Numbers": "Numbers",
    "NUMBERS": "NUMBERS",
    "Office Address": "Office Address",
    "Only Upload Files": "Only Upload Files",
    "Oops something went wrong.": "Oops something went wrong.",
    "Oops! Something went wrong!": "Oops! Something went wrong!",
    "Oops! Something went wrong.": "Oops! Something went wrong.",
    "Opponent Advocates": "Opponent Advocates",
    "Opponents": "Opponents",
    "Opps something wren wrong.": "Opps something wren wrong.",
    "opps something wren wrong.": "opps something wren wrong.",
    "Order": "Order",
    "Order Id": "Order Id",
    "Order Successfully Approved": "Order Successfully Approved",
    "Order Successfully Deleted.": "Order Successfully Deleted.",
    "Order Successfully Rejected": "Order Successfully Rejected",
    "Orders": "Orders",
    "Org": "Org",
    "Os Name": "Os Name",
    "Others": "Others",
    "PAID": "PAID",
    "Paid Users": "Paid Users",
    "Particulars": "Particulars",
    "PARTICULARS": "PARTICULARS",
    "Particulars:": "Particulars:",
    "Password": "Password",
    "Password Confirmation": "Password Confirmation",
    "Password updated successfully.": "Password updated successfully.",
    "Pay Now": "Pay Now",
    "Pay TR": "Pay TR",
    "Pay Using Paypal": "Pay Using Paypal",
    "Pay Using Stripe": "Pay Using Stripe",
    "PayFast": "PayFast",
    "Payfast": "Payfast",
    "Payfast Mode": "Payfast Mode",
    "PayHere": "PayHere",
    "PayHere Mode": "PayHere Mode",
    "Payment added Successfully": "Payment added Successfully",
    "Payment added Successfully ": "Payment added Successfully",
    "Payment failed": "Payment failed",
    "Payment Method": "Payment Method",
    "Payment Method:": "Payment Method:",
    "Payment Receipt": "Payment Receipt",
    "Payment reciept required.": "Payment reciept required.",
    "Payment setting successfully updated.": "Payment setting successfully updated.",
    "Payment Settings": "Payment Settings",
    "Payment Status": "Payment Status",
    "Payment successfully added": "Payment successfully added",
    "Payment successfully added.": "Payment successfully added.",
    "Payment Successfully Deleted": "Payment Successfully Deleted",
    "Payment Successfully Done": "Payment Successfully Done",
    "Payment Type": "Payment Type",
    "Payments": "Payments",
    "PaymentWall": "PaymentWall",
    "Paymentwall": "Paymentwall",
    "PAYPAL": "PAYPAL",
    "Paypal": "Paypal",
    "Paypal Mode": "Paypal Mode",
    "PAYSTACK": "PAYSTACK",
    "paystack": "paystack",
    "Paystack": "Paystack",
    "Paytab": "Paytab",
    "PayTab": "PayTab",
    "Paytab Region": "Paytab Region",
    "PAYTM": "PAYTM",
    "paytm": "paytm",
    "Paytm": "Paytm",
    "Paytm Environment": "Paytm Environment",
    "PayTR": "PayTR",
    "Pending": "Pending",
    "Permanent Account Number (PAN)": "Permanent Account Number (PAN)",
    "Permanent Account Number (PAN):": "Permanent Account Number (PAN):",
    "Permission": "Permission",
    "Permission denied": "Permission denied",
    "Permission Denied.": "Permission Denied.",
    "Permission denied.": "Permission denied.",
    "Permission successfully created.": "Permission successfully created.",
    "Permission successfully deleted.": "Permission successfully deleted.",
    "Permission successfully updated.": "Permission successfully updated.",
    "Permissions": "Permissions",
    "Personal Information": "Personal Information",
    "Phone Number": "Phone Number",
    "Phone:": "Phone:",
    "Plan": "Plan",
    "Plan activated Successfully": "Plan activated Successfully",
    "Plan activated Successfully!": "Plan activated Successfully!",
    "Plan activated Successfully! ": "Plan activated Successfully!",
    "Plan activated Successfully.": "Plan activated Successfully.",
    "Plan fail to upgrade.": "Plan fail to upgrade.",
    "Plan is Deleted": "Plan is Deleted",
    "Plan is deleted.": "Plan is deleted.",
    "Plan Name": "Plan Name",
    "Plan Name ": "Plan Name",
    "Plan not found!": "Plan not found!",
    "Plan not found.": "Plan not found.",
    "Plan Payment": "Plan Payment",
    "Plan payment request send successfully!": "Plan payment request send successfully!",
    "Plan Price": "Plan Price",
    "Plan Request": "Plan Request",
    "Plan storage limit is over so please upgrade the plan.": "Plan storage limit is over so please upgrade the plan.",
    "Plan Successfully Activated": "Plan Successfully Activated",
    "Plan successfully activated.": "Plan successfully activated.",
    "Plan Successfully created.": "Plan Successfully created.",
    "Plan Successfully updated.": "Plan Successfully updated.",
    "Plan successfully upgraded.": "Plan successfully upgraded.",
    "Please add pusher settings for using messenger": "Please add pusher settings for using messenger",
    "Please correct the errors and try again.": "Please correct the errors and try again.",
    "Please enter Email Address": "Please enter Email Address",
    "Please Enter Value": "Please Enter Value",
    "Please enter your contacts": "Please enter your contacts",
    "Please enter your opponent advocates": "Please enter your opponent advocates",
    "Please enter your opponents": "Please enter your opponents",
    "Please fill in your email": "Please fill in your email",
    "Please select": "Please select",
    "Please Select": "Please Select",
    "Please select atleast one permission.": "Please select atleast one permission.",
    "Please set payment api key & secret key for add new plan": "Please set payment api key & secret key for add new plan",
    "Please set payment api key & secret key for update plan": "Please set payment api key & secret key for update plan",
    "Please set proper configuration for storage.": "Please set proper configuration for storage.",
    "Please set stripe or paypal api key & secret key for add new plan.": "Please set stripe or paypal api key & secret key for add new plan.",
    "Point of Contacts": "Point of Contacts",
    "Price": "Price",
    "Primary color settings": "Primary color settings",
    "Priority": "Priority",
    "Priority:": "Priority:",
    "Privacy Policy": "Privacy Policy",
    "Private Key": "Private Key",
    "Production": "Production",
    "Profile": "Profile",
    "Profile Id": "Profile Id",
    "Public Key": "Public Key",
    "Purpose": "Purpose",
    "Purpose:": "Purpose:",
    "Pusher App Cluster": "Pusher App Cluster",
    "Pusher App Id": "Pusher App Id",
    "Pusher App Key": "Pusher App Key",
    "Pusher App Secret": "Pusher App Secret",
    "Pusher Settings": "Pusher Settings",
    "Pusher successfully updated.": "Pusher successfully updated.",
    "Query": "Query",
    "Rate": "Rate",
    "Rate (%)": "Rate (%)",
    "Rate\/Unit Cost": "Rate\/Unit Cost",
    "RATE\/UNIT COST": "RATE\/UNIT COST",
    "Rate\/Unit Cost ": "Rate\/Unit Cost",
    "RATE\/UNIT COST ": "RATE\/UNIT COST",
    "RAZORPAY": "RAZORPAY",
    "Razorpay": "Razorpay",
    "ReCaptcha Settings": "ReCaptcha Settings",
    "Recaptcha Settings updated successfully": "Recaptcha Settings updated successfully",
    "Receipt": "Receipt",
    "Received Fee": "Received Fee",
    "Recent": "Recent",
    "Recent Order": "Recent Order",
    "Referred By": "Referred By",
    "Referred By:": "Referred By:",
    "Referrer Host": "Referrer Host",
    "Referrer Path": "Referrer Path",
    "Regards,": "Regards,",
    "Region": "Region",
    "Region Name": "Region Name",
    "Register": "Register",
    "Reject": "Reject",
    "Relate to": "Relate to",
    "Relate to (Case's)": "Relate to (Case's)",
    "Relate to (Case(s))": "Relate to (Case(s))",
    "Relate To:": "Relate To:",
    "Related Cases:": "Related Cases:",
    "Remember me": "Remember me",
    "Request Canceled Successfully.": "Request Canceled Successfully.",
    "Request Rejected Successfully.": "Request Rejected Successfully.",
    "Request Send Successfully.": "Request Send Successfully.",
    "Requesting manual payment for the planned amount for the subscriptions plan.": "Requesting manual payment for the planned amount for the subscriptions plan.",
    "Resend Verification Email": "Resend Verification Email",
    "Reset": "Reset",
    "Reset Password": "Reset Password",
    "Role": "Role",
    "Role successfully created.": "Role successfully created.",
    "Role successfully deleted.": "Role successfully deleted.",
    "Role successfully updated.": "Role successfully updated.",
    "S3 Bucket": "S3 Bucket",
    "S3 Endpoint": "S3 Endpoint",
    "S3 Key": "S3 Key",
    "S3 Region": "S3 Region",
    "S3 Secret": "S3 Secret",
    "S3 URL": "S3 URL",
    "Salt Passphrase": "Salt Passphrase",
    "Sandbox": "Sandbox",
    "Save": "Save",
    "Save Changes": "Save Changes",
    "Second Party": "Second Party",
    "Second Party:": "Second Party:",
    "Secret Key": "Secret Key",
    "Section\/Category": "Section\/Category",
    "Section\/Category:": "Section\/Category:",
    "Select City": "Select City",
    "Select Country": "Select Country",
    "Select State": "Select State",
    "Select Team Member": "Select Team Member",
    "Send Request": "Send Request",
    "Send Test Mail": "Send Test Mail",
    "Sending ...": "Sending ...",
    "SEO Settings": "SEO Settings",
    "Server Key": "Server Key",
    "Setting": "Setting",
    "Setting successfully updated.": "Setting successfully updated.",
    "Settings": "Settings",
    "Settings updated successfully.": "Settings updated successfully.",
    "Shop ID Key": "Shop ID Key",
    "Sidebar settings": "Sidebar settings",
    "Sign in by entering the information below?": "Sign in by entering the information below?",
    "Sign up by entering the information below?": "Sign up by entering the information below?",
    "Signature Key": "Signature Key",
    "Size": "Size",
    "SKRILL": "SKRILL",
    "Skrill": "Skrill",
    "Skrill Email": "Skrill Email",
    "Something is wrong": "Something is wrong",
    "Something is wrong.": "Something is wrong.",
    "Something went wrong.": "Something went wrong.",
    "Soon will be available": "Soon will be available",
    "Sspay": "Sspay",
    "SSPay": "SSPay",
    "Staff": "Staff",
    "Start Date:": "Start Date:",
    "State": "State",
    "State Settings": "State Settings",
    "State successfully added.": "State successfully added.",
    "State successfully deleted.": "State successfully deleted.",
    "State successfully updated.": "State successfully updated.",
    "State: ": "State:",
    "Status": "Status",
    "Status :": "Status :",
    "Status:": "Status:",
    "Storage Settings": "Storage Settings",
    "Storage Status": "Storage Status",
    "Strictly Cookie Description": "Strictly Cookie Description",
    "Strictly necessary cookies": "Strictly necessary cookies",
    "STRIPE": "STRIPE",
    "Stripe": "Stripe",
    "Stripe Key": "Stripe Key",
    "Stripe Secret": "Stripe Secret",
    "Sub Total": "Sub Total",
    "Subject : ": "Subject :",
    "Subscribe": "Subscribe",
    "Success": "Success",
    "Successfully Updated!": "Successfully Updated!",
    "Summary": "Summary",
    "Synchronize in Google Calendar": "Synchronize in Google Calendar",
    "System Settings": "System Settings",
    "Tasks": "Tasks",
    "Tax": "Tax",
    "TAX": "TAX",
    "Tax Identification Number": "Tax Identification Number",
    "Tax Identification Number:": "Tax Identification Number:",
    "Tax Name": "Tax Name",
    "Tax successfully created.": "Tax successfully created.",
    "Tax successfully deleted.": "Tax successfully deleted.",
    "Tax successfully updated.": "Tax successfully updated.",
    "Team Member": "Team Member",
    "Team Members": "Team Members",
    "Team successfully created.": "Team successfully created.",
    "Term": "Term",
    "Term:": "Term:",
    "Terms and Conditions": "Terms and Conditions",
    "Thank you for your business!": "Thank you for your business!",
    "The role is assigned to users.": "The role is assigned to users.",
    "Theme Customizer": "Theme Customizer",
    "These details will be used to collect invoice payments. Each invoice will have a payment button based on the below configuration.": "These details will be used to collect invoice payments. Each invoice will have a payment button based on the below configuration.",
    "These details will be used to collect subscription plan payments.Each subscription plan will have a payment button based on the below configuration.": "These details will be used to collect subscription plan payments.Each subscription plan will have a payment button based on the below configuration.",
    "This action can not be undone. Do you want to continue?": "This action can not be undone. Do you want to continue?",
    "This advocate is assigned to case.": "This advocate is assigned to case.",
    "This bench is assigned to case.": "This bench is assigned to case.",
    "This coupon code   is invalid or has expired.": "This coupon code   is invalid or has expired.",
    "This coupon code has expired.": "This coupon code has expired.",
    "This coupon code is invalid or has expired.": "This coupon code is invalid or has expired.",
    "This court is assigned to case.": "This court is assigned to case.",
    "This high court is assigned to bench.": "This high court is assigned to bench.",
    "This high court is assigned to case.": "This high court is assigned to case.",
    "This is a page meant for more advanced users, simply ignore it if you don't understand what cache is.": "This is a page meant for more advanced users, simply ignore it if you don't understand what cache is.",
    "This is a secure area of the application. Please confirm your password before continuing.": "This is a secure area of the application. Please confirm your password before continuing.",
    "This mail send only for testing purpose.": "This mail send only for testing purpose.",
    "This to-do already marked as completed.": "This to-do already marked as completed.",
    "Time": "Time",
    "Time Spent (in Hours)": "Time Spent (in Hours)",
    "Time Zone": "Time Zone",
    "Time:": "Time:",
    "Timesheet": "Timesheet",
    "Timesheet successfully created.": "Timesheet successfully created.",
    "Timesheet successfully deleted.": "Timesheet successfully deleted.",
    "Timesheet successfully updated.": "Timesheet successfully updated.",
    "Title": "Title",
    "Title Text": "Title Text",
    "Title:": "Title:",
    "to login!": "to login!",
    "to register!": "to register!",
    "To-Do": "To-Do",
    "To-Do successfully created.": "To-Do successfully created.",
    "To-Do successfully updated.": "To-Do successfully updated.",
    "To-Dos": "To-Dos",
    "To:": "To:",
    "Today Hearing Dates": "Today Hearing Dates",
    "Today To-Dos": "Today To-Dos",
    "Today's Cases": "Today's Cases",
    "Today's Tasks": "Today's Tasks",
    "Token": "Token",
    "Total": "Total",
    "Total Amount": "Total Amount",
    "Total Order Amount": "Total Order Amount",
    "Total Orders": "Total Orders",
    "Total Plans": "Total Plans",
    "Total Tax": "Total Tax",
    "Total Users": "Total Users",
    "Toyyibpay": "Toyyibpay",
    "Transaction fail": "Transaction fail",
    "Transaction fail!": "Transaction fail!",
    "Transaction fail.": "Transaction fail.",
    "Transaction has been complted.": "Transaction has been complted.",
    "Transaction has been failed!": "Transaction has been failed!",
    "Transaction has been failed! ": "Transaction has been failed!",
    "Transaction has been failed.": "Transaction has been failed.",
    "Transaction ID": "Transaction ID",
    "Transaction succesfull": "Transaction succesfull",
    "Transaction Unsuccesfull": "Transaction Unsuccesfull",
    "Transparent layout": "Transparent layout",
    "Trasnsaction has been Fail.": "Trasnsaction has been Fail.",
    "Type": "Type",
    "Type:": "Type:",
    "Under Act(s)": "Under Act(s)",
    "Under Act(s):": "Under Act(s):",
    "Under Section(s)": "Under Section(s)",
    "Under Section(s):": "Under Section(s):",
    "Unknown error occurred": "Unknown error occurred",
    "Unlimited": "Unlimited",
    "Upcoming": "Upcoming",
    "Upcoming Hearing Dates": "Upcoming Hearing Dates",
    "Upcoming To-Dos": "Upcoming To-Dos",
    "Update": "Update",
    "Update Circuit\/Division": "Update Circuit\/Division",
    "Update Court": "Update Court",
    "Update Document": "Update Document",
    "Update Document Sub Type": "Update Document Sub Type",
    "Update Document Type": "Update Document Type",
    "Update Hearing Type": "Update Hearing Type",
    "Update High Court": "Update High Court",
    "Update Motion Type": "Update Motion Type",
    "Update permission": "Update permission",
    "Update Role": "Update Role",
    "Upgrade Plan": "Upgrade Plan",
    "Upload Case Documents": "Upload Case Documents",
    "Uploaded at": "Uploaded at",
    "Uploaded by": "Uploaded by",
    "Uploaded by:": "Uploaded by:",
    "Used": "Used",
    "Used 100 % discount coupon code.": "Used 100 % discount coupon code.",
    "User": "User",
    "User Log": "User Log",
    "User Logs": "User Logs",
    "User Logs successfully deleted .": "User Logs successfully deleted .",
    "User Name": "User Name",
    "Users": "Users",
    "Users Logs": "Users Logs",
    "Verify Email": "Verify Email",
    "View": "View",
    "View Bill": "View Bill",
    "View Case": "View Case",
    "View case": "View case",
    "View Cause": "View Cause",
    "View CauseList": "View CauseList",
    "View Document": "View Document",
    "View Expense": "View Expense",
    "View Fee": "View Fee",
    "View Group Member": "View Group Member",
    "View Groups": "View Groups",
    "View point of contact": "View point of contact",
    "View Timesheet": "View Timesheet",
    "View ToDo": "View ToDo",
    "View User Logs": "View User Logs",
    "View:": "View:",
    "Wasabi": "Wasabi",
    "Wasabi Bucket": "Wasabi Bucket",
    "Wasabi Key": "Wasabi Key"
}